Data,Parity,File Size,Time Taken
1,1,10KB,5.8376065492630005
1,2,10KB,5.537012457847595
2,1,10KB,5.85129189491272
2,2,10KB,5.915979385375977
